mean,std
0.003078348741635239,0.011513592837559596
